<?xml version="1.0" encoding="utf-8" standalone="yes" ?>
<rss version="2.0" xmlns:atom="http://www.w3.org/2005/Atom">
  <channel>
    <title>Inicio on Doctorado en ciencias de la ingeniería</title>
    <link>http://example.org/</link>
    <description>Recent content in Inicio on Doctorado en ciencias de la ingeniería</description>
    <generator>Hugo -- gohugo.io</generator>
    <language>en-us</language>
    <lastBuildDate>Wed, 19 Dec 2018 22:32:19 +0100</lastBuildDate>
    
	<atom:link href="http://example.org/index.xml" rel="self" type="application/rss+xml" />
    
    
    <item>
      <title>Inicio</title>
      <link>http://example.org/sections/inicio/</link>
      <pubDate>Mon, 01 Jan 0001 00:00:00 +0000</pubDate>
      
      <guid>http://example.org/sections/inicio/</guid>
      <description>Denominación de la carrera: Doctorado en Ciencias de la Ingeniería (DCI)
Título a expedir: Doctor en Ciencias de la Ingeniería
Nivel de la titulación: Posgrado
Ubicación en la estructura institucional: Facultad de Ingeniería-UNPSJB
Modalidad: presencial
Tipo de carrera: semiestructurada
El DCI requiere de una serie de elementos interrelacionados que aseguren la generación de contribuciones relevantes a la sociedad, a través de sus participantes. Para ello es necesario contar con un plan de estudios pertinente, suficiente y de calidad que forme nuevos investigadores, con una planta académica altamente capacitada en sus áreas de conocimiento, y en el desarrollo de nuevas tecnologías, así como en el compromiso de involucrarse en efectivos e innovadores medios de educación, atención y formación del alumnado.</description>
    </item>
    
    <item>
      <title>Objetivos de la carrera</title>
      <link>http://example.org/planestudio/sections/objetivoscarrera/</link>
      <pubDate>Mon, 01 Jan 0001 00:00:00 +0000</pubDate>
      
      <guid>http://example.org/planestudio/sections/objetivoscarrera/</guid>
      <description>Objetivos Generales El objetivo del Doctorado en Ciencias de la Ingeniería es formar investigadores independientes, con capacidades, conocimientos y habilidades para identificar oportunidades, desarrollar y dirigir proyectos originales de investigación en la frontera del conocimiento que aporten al desarrollo sostenido y sustentable, vinculados al proceso de producción y a la sociedad en general.
Crear un mecanismo de perfeccionamiento y actualización continua en la FI-UNPSJB, fortaleciendo de esta manera las actividades esenciales: la formación de grado y posgrado, la investigación científica, el desarrollo tecnológico y la transferencia de conocimiento.</description>
    </item>
    
    <item>
      <title>Perfil del egresado</title>
      <link>http://example.org/planestudio/sections/perfilegresado/</link>
      <pubDate>Mon, 01 Jan 0001 00:00:00 +0000</pubDate>
      
      <guid>http://example.org/planestudio/sections/perfilegresado/</guid>
      <description>Los egresados del Doctorado en Ciencias de la Ingeniería son investigadores que pueden generar conocimiento nuevo, contribuyendo al desarrollo del estado del arte en sus respectivas áreas. Son personas que pueden desenvolverse en investigación, docencia, desarrollo y administración de tecnología. Son expertos que pueden innovar, desarrollar y aplicar nuevas tecnologías en los procesos industriales y de servicio. Son personas que orientan sus estudios y respuestas en torno a una formación ética procurando que sus resultados favorezcan al desarrollo sustentable de la sociedad.</description>
    </item>
    
    <item>
      <title>How game websites can help you live a better life</title>
      <link>http://example.org/posts/game-websites/</link>
      <pubDate>Wed, 19 Dec 2018 22:32:19 +0100</pubDate>
      
      <guid>http://example.org/posts/game-websites/</guid>
      <description>How to cheat at dish reviews and get away with it. The 6 best dish review twitter feeds to follow. The best ways to utilize minute meals. The best ways to utilize safe food handling tips. The best ways to utilize safe food handling tips. 17 facts about food processors that will impress your friends. How cooking healthy food is making the world a better place. Why you&amp;rsquo;ll never succeed at healthy eating facts.</description>
    </item>
    
    <item>
      <title>16 things that won&#39;t happen in free songs</title>
      <link>http://example.org/posts/16-things-free-songs/</link>
      <pubDate>Mon, 17 Dec 2018 22:21:42 +0100</pubDate>
      
      <guid>http://example.org/posts/16-things-free-songs/</guid>
      <description>5 ways country song ringtones can make you rich. Why country music festivals will change your life. The unconventional guide to music notes. Why our world would end if music videos disappeared. 8 insane (but true) things about top country songs. How twitter can teach you about popular songs. 13 facts about latin music videos that&amp;rsquo;ll keep you up at night. Why do people think free dances are a good idea?</description>
    </item>
    
    <item>
      <title>How architects aren&#39;t as bad as you think</title>
      <link>http://example.org/posts/bad-architects/</link>
      <pubDate>Sun, 16 Dec 2018 22:34:04 +0100</pubDate>
      
      <guid>http://example.org/posts/bad-architects/</guid>
      <description>6 uses for living room decors. Why living room ideas are killing you. The oddest place you will find decorating ideas. Why the world would end without apartment guides. 12 things that won&amp;rsquo;t happen in interior design ideas. How twitter can teach you about bathroom designs. The 12 best floor plan youtube videos. 9 bs facts about living room decors everyone thinks are true. The only home builder resources you will ever need.</description>
    </item>
    
    <item>
      <title>Why preventative medicines are afraid of the truth</title>
      <link>http://example.org/posts/preventative-medicines/</link>
      <pubDate>Fri, 07 Dec 2018 22:30:56 +0100</pubDate>
      
      <guid>http://example.org/posts/preventative-medicines/</guid>
      <description>Why vaccination schedules will change your life. How weight loss meal plans can help you live a better life. How not knowing fitness equipment makes you a rookie. The 18 best resources for fitness equipment. 9 problems with home health care products. 17 amazing health care provider picturesi. How nutrition facts make you a better lover. The oddest place you will find home health care products. The 15 best health question twitter feeds to follow.</description>
    </item>
    
    <item>
      <title></title>
      <link>http://example.org/cursos/cursoa.1/</link>
      <pubDate>Mon, 01 Jan 0001 00:00:00 +0000</pubDate>
      
      <guid>http://example.org/cursos/cursoa.1/</guid>
      <description>Contenidos minimos del curso nacho nacho</description>
    </item>
    
    <item>
      <title></title>
      <link>http://example.org/cursos/cursoa.10/</link>
      <pubDate>Mon, 01 Jan 0001 00:00:00 +0000</pubDate>
      
      <guid>http://example.org/cursos/cursoa.10/</guid>
      <description></description>
    </item>
    
    <item>
      <title></title>
      <link>http://example.org/cursos/cursoa.11/</link>
      <pubDate>Mon, 01 Jan 0001 00:00:00 +0000</pubDate>
      
      <guid>http://example.org/cursos/cursoa.11/</guid>
      <description></description>
    </item>
    
    <item>
      <title></title>
      <link>http://example.org/cursos/cursoa.12/</link>
      <pubDate>Mon, 01 Jan 0001 00:00:00 +0000</pubDate>
      
      <guid>http://example.org/cursos/cursoa.12/</guid>
      <description></description>
    </item>
    
    <item>
      <title></title>
      <link>http://example.org/cursos/cursoa.13/</link>
      <pubDate>Mon, 01 Jan 0001 00:00:00 +0000</pubDate>
      
      <guid>http://example.org/cursos/cursoa.13/</guid>
      <description></description>
    </item>
    
    <item>
      <title></title>
      <link>http://example.org/cursos/cursoa.14/</link>
      <pubDate>Mon, 01 Jan 0001 00:00:00 +0000</pubDate>
      
      <guid>http://example.org/cursos/cursoa.14/</guid>
      <description></description>
    </item>
    
    <item>
      <title></title>
      <link>http://example.org/cursos/cursoa.15/</link>
      <pubDate>Mon, 01 Jan 0001 00:00:00 +0000</pubDate>
      
      <guid>http://example.org/cursos/cursoa.15/</guid>
      <description></description>
    </item>
    
    <item>
      <title></title>
      <link>http://example.org/cursos/cursoa.16/</link>
      <pubDate>Mon, 01 Jan 0001 00:00:00 +0000</pubDate>
      
      <guid>http://example.org/cursos/cursoa.16/</guid>
      <description></description>
    </item>
    
    <item>
      <title></title>
      <link>http://example.org/cursos/cursoa.2/</link>
      <pubDate>Mon, 01 Jan 0001 00:00:00 +0000</pubDate>
      
      <guid>http://example.org/cursos/cursoa.2/</guid>
      <description>Lengua contenido minimo</description>
    </item>
    
    <item>
      <title></title>
      <link>http://example.org/cursos/cursoa.3/</link>
      <pubDate>Mon, 01 Jan 0001 00:00:00 +0000</pubDate>
      
      <guid>http://example.org/cursos/cursoa.3/</guid>
      <description></description>
    </item>
    
    <item>
      <title></title>
      <link>http://example.org/cursos/cursoa.4/</link>
      <pubDate>Mon, 01 Jan 0001 00:00:00 +0000</pubDate>
      
      <guid>http://example.org/cursos/cursoa.4/</guid>
      <description></description>
    </item>
    
    <item>
      <title></title>
      <link>http://example.org/cursos/cursoa.5/</link>
      <pubDate>Mon, 01 Jan 0001 00:00:00 +0000</pubDate>
      
      <guid>http://example.org/cursos/cursoa.5/</guid>
      <description></description>
    </item>
    
    <item>
      <title></title>
      <link>http://example.org/cursos/cursoa.6/</link>
      <pubDate>Mon, 01 Jan 0001 00:00:00 +0000</pubDate>
      
      <guid>http://example.org/cursos/cursoa.6/</guid>
      <description></description>
    </item>
    
    <item>
      <title></title>
      <link>http://example.org/cursos/cursoa.7/</link>
      <pubDate>Mon, 01 Jan 0001 00:00:00 +0000</pubDate>
      
      <guid>http://example.org/cursos/cursoa.7/</guid>
      <description></description>
    </item>
    
    <item>
      <title></title>
      <link>http://example.org/cursos/cursoa.8/</link>
      <pubDate>Mon, 01 Jan 0001 00:00:00 +0000</pubDate>
      
      <guid>http://example.org/cursos/cursoa.8/</guid>
      <description></description>
    </item>
    
    <item>
      <title></title>
      <link>http://example.org/cursos/cursoa.9/</link>
      <pubDate>Mon, 01 Jan 0001 00:00:00 +0000</pubDate>
      
      <guid>http://example.org/cursos/cursoa.9/</guid>
      <description></description>
    </item>
    
    <item>
      <title></title>
      <link>http://example.org/cursos/cursoa/</link>
      <pubDate>Mon, 01 Jan 0001 00:00:00 +0000</pubDate>
      
      <guid>http://example.org/cursos/cursoa/</guid>
      <description></description>
    </item>
    
    <item>
      <title></title>
      <link>http://example.org/cursos/cursob/</link>
      <pubDate>Mon, 01 Jan 0001 00:00:00 +0000</pubDate>
      
      <guid>http://example.org/cursos/cursob/</guid>
      <description></description>
    </item>
    
    <item>
      <title>Menu Templates</title>
      <link>http://example.org/menu/</link>
      <pubDate>Mon, 01 Jan 0001 00:00:00 +0000</pubDate>
      
      <guid>http://example.org/menu/</guid>
      <description>&amp;hellip;</description>
    </item>
    
  </channel>
</rss>