<?xml version="1.0" encoding="utf-8" standalone="yes" ?>
<rss version="2.0" xmlns:atom="http://www.w3.org/2005/Atom">
  <channel>
    <title>Why preventative medicines are afraid of the truth on Doctorado en ciencias de la ingeniería</title>
    <link>http://example.org/posts/preventative-medicines/</link>
    <description>Recent content in Why preventative medicines are afraid of the truth on Doctorado en ciencias de la ingeniería</description>
    <generator>Hugo -- gohugo.io</generator>
    <language>en-us</language>
    <lastBuildDate>Fri, 07 Dec 2018 22:30:56 +0100</lastBuildDate>
    
	<atom:link href="http://example.org/posts/preventative-medicines/index.xml" rel="self" type="application/rss+xml" />
    
    
  </channel>
</rss>