<?xml version="1.0" encoding="utf-8" standalone="yes" ?>
<rss version="2.0" xmlns:atom="http://www.w3.org/2005/Atom">
  <channel>
    <title>Objetivos de la carrera on Doctorado en ciencias de la ingeniería</title>
    <link>http://example.org/planestudio/sections/objetivoscarrera/</link>
    <description>Recent content in Objetivos de la carrera on Doctorado en ciencias de la ingeniería</description>
    <generator>Hugo -- gohugo.io</generator>
    <language>en-us</language>
    
	<atom:link href="http://example.org/planestudio/sections/objetivoscarrera/index.xml" rel="self" type="application/rss+xml" />
    
    
  </channel>
</rss>