<?xml version="1.0" encoding="utf-8" standalone="yes" ?>
<rss version="2.0" xmlns:atom="http://www.w3.org/2005/Atom">
  <channel>
    <title>How game websites can help you live a better life on Doctorado en ciencias de la ingeniería</title>
    <link>http://example.org/posts/game-websites/</link>
    <description>Recent content in How game websites can help you live a better life on Doctorado en ciencias de la ingeniería</description>
    <generator>Hugo -- gohugo.io</generator>
    <language>en-us</language>
    <lastBuildDate>Wed, 19 Dec 2018 22:32:19 +0100</lastBuildDate>
    
	<atom:link href="http://example.org/posts/game-websites/index.xml" rel="self" type="application/rss+xml" />
    
    
  </channel>
</rss>