<?xml version="1.0" encoding="utf-8" standalone="yes" ?>
<rss version="2.0" xmlns:atom="http://www.w3.org/2005/Atom">
  <channel>
    <title>Tags on Doctorado en ciencias de la ingeniería</title>
    <link>http://example.org/tags/</link>
    <description>Recent content in Tags on Doctorado en ciencias de la ingeniería</description>
    <generator>Hugo -- gohugo.io</generator>
    <language>en-us</language>
    <lastBuildDate>Sun, 16 Dec 2018 22:34:04 +0100</lastBuildDate>
    
	<atom:link href="http://example.org/tags/index.xml" rel="self" type="application/rss+xml" />
    
    
    <item>
      <title>Architecture</title>
      <link>http://example.org/tags/architecture/</link>
      <pubDate>Sun, 16 Dec 2018 22:34:04 +0100</pubDate>
      
      <guid>http://example.org/tags/architecture/</guid>
      <description></description>
    </item>
    
    <item>
      <title>Cooking</title>
      <link>http://example.org/tags/cooking/</link>
      <pubDate>Wed, 19 Dec 2018 22:32:19 +0100</pubDate>
      
      <guid>http://example.org/tags/cooking/</guid>
      <description></description>
    </item>
    
    <item>
      <title>Free</title>
      <link>http://example.org/tags/free/</link>
      <pubDate>Mon, 17 Dec 2018 22:21:42 +0100</pubDate>
      
      <guid>http://example.org/tags/free/</guid>
      <description></description>
    </item>
    
    <item>
      <title>Health</title>
      <link>http://example.org/tags/health/</link>
      <pubDate>Wed, 19 Dec 2018 22:32:19 +0100</pubDate>
      
      <guid>http://example.org/tags/health/</guid>
      <description></description>
    </item>
    
    <item>
      <title>Medicine</title>
      <link>http://example.org/tags/medicine/</link>
      <pubDate>Fri, 07 Dec 2018 22:30:56 +0100</pubDate>
      
      <guid>http://example.org/tags/medicine/</guid>
      <description></description>
    </item>
    
    <item>
      <title>Music</title>
      <link>http://example.org/tags/music/</link>
      <pubDate>Mon, 17 Dec 2018 22:21:42 +0100</pubDate>
      
      <guid>http://example.org/tags/music/</guid>
      <description></description>
    </item>
    
    <item>
      <title>Songs</title>
      <link>http://example.org/tags/songs/</link>
      <pubDate>Mon, 17 Dec 2018 22:21:42 +0100</pubDate>
      
      <guid>http://example.org/tags/songs/</guid>
      <description></description>
    </item>
    
  </channel>
</rss>