<?xml version="1.0" encoding="utf-8" standalone="yes" ?>
<rss version="2.0" xmlns:atom="http://www.w3.org/2005/Atom">
  <channel>
    <title>Cursos on Doctorado en ciencias de la ingeniería</title>
    <link>http://example.org/cursos/</link>
    <description>Recent content in Cursos on Doctorado en ciencias de la ingeniería</description>
    <generator>Hugo -- gohugo.io</generator>
    <language>en-us</language>
    
	<atom:link href="http://example.org/cursos/index.xml" rel="self" type="application/rss+xml" />
    
    
    <item>
      <title></title>
      <link>http://example.org/cursos/cursoa.1/</link>
      <pubDate>Mon, 01 Jan 0001 00:00:00 +0000</pubDate>
      
      <guid>http://example.org/cursos/cursoa.1/</guid>
      <description>Contenidos minimos del curso nacho nacho</description>
    </item>
    
    <item>
      <title></title>
      <link>http://example.org/cursos/cursoa.10/</link>
      <pubDate>Mon, 01 Jan 0001 00:00:00 +0000</pubDate>
      
      <guid>http://example.org/cursos/cursoa.10/</guid>
      <description></description>
    </item>
    
    <item>
      <title></title>
      <link>http://example.org/cursos/cursoa.11/</link>
      <pubDate>Mon, 01 Jan 0001 00:00:00 +0000</pubDate>
      
      <guid>http://example.org/cursos/cursoa.11/</guid>
      <description></description>
    </item>
    
    <item>
      <title></title>
      <link>http://example.org/cursos/cursoa.12/</link>
      <pubDate>Mon, 01 Jan 0001 00:00:00 +0000</pubDate>
      
      <guid>http://example.org/cursos/cursoa.12/</guid>
      <description></description>
    </item>
    
    <item>
      <title></title>
      <link>http://example.org/cursos/cursoa.13/</link>
      <pubDate>Mon, 01 Jan 0001 00:00:00 +0000</pubDate>
      
      <guid>http://example.org/cursos/cursoa.13/</guid>
      <description></description>
    </item>
    
    <item>
      <title></title>
      <link>http://example.org/cursos/cursoa.14/</link>
      <pubDate>Mon, 01 Jan 0001 00:00:00 +0000</pubDate>
      
      <guid>http://example.org/cursos/cursoa.14/</guid>
      <description></description>
    </item>
    
    <item>
      <title></title>
      <link>http://example.org/cursos/cursoa.15/</link>
      <pubDate>Mon, 01 Jan 0001 00:00:00 +0000</pubDate>
      
      <guid>http://example.org/cursos/cursoa.15/</guid>
      <description></description>
    </item>
    
    <item>
      <title></title>
      <link>http://example.org/cursos/cursoa.16/</link>
      <pubDate>Mon, 01 Jan 0001 00:00:00 +0000</pubDate>
      
      <guid>http://example.org/cursos/cursoa.16/</guid>
      <description></description>
    </item>
    
    <item>
      <title></title>
      <link>http://example.org/cursos/cursoa.2/</link>
      <pubDate>Mon, 01 Jan 0001 00:00:00 +0000</pubDate>
      
      <guid>http://example.org/cursos/cursoa.2/</guid>
      <description>Lengua contenido minimo</description>
    </item>
    
    <item>
      <title></title>
      <link>http://example.org/cursos/cursoa.3/</link>
      <pubDate>Mon, 01 Jan 0001 00:00:00 +0000</pubDate>
      
      <guid>http://example.org/cursos/cursoa.3/</guid>
      <description></description>
    </item>
    
    <item>
      <title></title>
      <link>http://example.org/cursos/cursoa.4/</link>
      <pubDate>Mon, 01 Jan 0001 00:00:00 +0000</pubDate>
      
      <guid>http://example.org/cursos/cursoa.4/</guid>
      <description></description>
    </item>
    
    <item>
      <title></title>
      <link>http://example.org/cursos/cursoa.5/</link>
      <pubDate>Mon, 01 Jan 0001 00:00:00 +0000</pubDate>
      
      <guid>http://example.org/cursos/cursoa.5/</guid>
      <description></description>
    </item>
    
    <item>
      <title></title>
      <link>http://example.org/cursos/cursoa.6/</link>
      <pubDate>Mon, 01 Jan 0001 00:00:00 +0000</pubDate>
      
      <guid>http://example.org/cursos/cursoa.6/</guid>
      <description></description>
    </item>
    
    <item>
      <title></title>
      <link>http://example.org/cursos/cursoa.7/</link>
      <pubDate>Mon, 01 Jan 0001 00:00:00 +0000</pubDate>
      
      <guid>http://example.org/cursos/cursoa.7/</guid>
      <description></description>
    </item>
    
    <item>
      <title></title>
      <link>http://example.org/cursos/cursoa.8/</link>
      <pubDate>Mon, 01 Jan 0001 00:00:00 +0000</pubDate>
      
      <guid>http://example.org/cursos/cursoa.8/</guid>
      <description></description>
    </item>
    
    <item>
      <title></title>
      <link>http://example.org/cursos/cursoa.9/</link>
      <pubDate>Mon, 01 Jan 0001 00:00:00 +0000</pubDate>
      
      <guid>http://example.org/cursos/cursoa.9/</guid>
      <description></description>
    </item>
    
    <item>
      <title></title>
      <link>http://example.org/cursos/cursoa/</link>
      <pubDate>Mon, 01 Jan 0001 00:00:00 +0000</pubDate>
      
      <guid>http://example.org/cursos/cursoa/</guid>
      <description></description>
    </item>
    
    <item>
      <title></title>
      <link>http://example.org/cursos/cursob/</link>
      <pubDate>Mon, 01 Jan 0001 00:00:00 +0000</pubDate>
      
      <guid>http://example.org/cursos/cursob/</guid>
      <description></description>
    </item>
    
  </channel>
</rss>