<?xml version="1.0" encoding="utf-8" standalone="yes" ?>
<rss version="2.0" xmlns:atom="http://www.w3.org/2005/Atom">
  <channel>
    <title>Cooking on Doctorado en ciencias de la ingeniería</title>
    <link>http://example.org/tags/cooking/</link>
    <description>Recent content in Cooking on Doctorado en ciencias de la ingeniería</description>
    <generator>Hugo -- gohugo.io</generator>
    <language>en-us</language>
    <lastBuildDate>Wed, 19 Dec 2018 22:32:19 +0100</lastBuildDate>
    
	<atom:link href="http://example.org/tags/cooking/index.xml" rel="self" type="application/rss+xml" />
    
    
    <item>
      <title>How game websites can help you live a better life</title>
      <link>http://example.org/posts/game-websites/</link>
      <pubDate>Wed, 19 Dec 2018 22:32:19 +0100</pubDate>
      
      <guid>http://example.org/posts/game-websites/</guid>
      <description>How to cheat at dish reviews and get away with it. The 6 best dish review twitter feeds to follow. The best ways to utilize minute meals. The best ways to utilize safe food handling tips. The best ways to utilize safe food handling tips. 17 facts about food processors that will impress your friends. How cooking healthy food is making the world a better place. Why you&amp;rsquo;ll never succeed at healthy eating facts.</description>
    </item>
    
  </channel>
</rss>