<?xml version="1.0" encoding="utf-8" standalone="yes" ?>
<rss version="2.0" xmlns:atom="http://www.w3.org/2005/Atom">
  <channel>
    <title>How architects aren&#39;t as bad as you think on Doctorado en ciencias de la ingeniería</title>
    <link>http://example.org/posts/bad-architects/</link>
    <description>Recent content in How architects aren&#39;t as bad as you think on Doctorado en ciencias de la ingeniería</description>
    <generator>Hugo -- gohugo.io</generator>
    <language>en-us</language>
    <lastBuildDate>Sun, 16 Dec 2018 22:34:04 +0100</lastBuildDate>
    
	<atom:link href="http://example.org/posts/bad-architects/index.xml" rel="self" type="application/rss+xml" />
    
    
  </channel>
</rss>