<?xml version="1.0" encoding="utf-8" standalone="yes" ?>
<rss version="2.0" xmlns:atom="http://www.w3.org/2005/Atom">
  <channel>
    <title>Novedades on Doctorado en ciencias de la ingeniería</title>
    <link>http://example.org/posts/</link>
    <description>Recent content in Novedades on Doctorado en ciencias de la ingeniería</description>
    <generator>Hugo -- gohugo.io</generator>
    <language>en-us</language>
    <lastBuildDate>Wed, 19 Dec 2018 22:32:19 +0100</lastBuildDate>
    
	<atom:link href="http://example.org/posts/index.xml" rel="self" type="application/rss+xml" />
    
    
    <item>
      <title>How game websites can help you live a better life</title>
      <link>http://example.org/posts/game-websites/</link>
      <pubDate>Wed, 19 Dec 2018 22:32:19 +0100</pubDate>
      
      <guid>http://example.org/posts/game-websites/</guid>
      <description>How to cheat at dish reviews and get away with it. The 6 best dish review twitter feeds to follow. The best ways to utilize minute meals. The best ways to utilize safe food handling tips. The best ways to utilize safe food handling tips. 17 facts about food processors that will impress your friends. How cooking healthy food is making the world a better place. Why you&amp;rsquo;ll never succeed at healthy eating facts.</description>
    </item>
    
    <item>
      <title>16 things that won&#39;t happen in free songs</title>
      <link>http://example.org/posts/16-things-free-songs/</link>
      <pubDate>Mon, 17 Dec 2018 22:21:42 +0100</pubDate>
      
      <guid>http://example.org/posts/16-things-free-songs/</guid>
      <description>5 ways country song ringtones can make you rich. Why country music festivals will change your life. The unconventional guide to music notes. Why our world would end if music videos disappeared. 8 insane (but true) things about top country songs. How twitter can teach you about popular songs. 13 facts about latin music videos that&amp;rsquo;ll keep you up at night. Why do people think free dances are a good idea?</description>
    </item>
    
    <item>
      <title>How architects aren&#39;t as bad as you think</title>
      <link>http://example.org/posts/bad-architects/</link>
      <pubDate>Sun, 16 Dec 2018 22:34:04 +0100</pubDate>
      
      <guid>http://example.org/posts/bad-architects/</guid>
      <description>6 uses for living room decors. Why living room ideas are killing you. The oddest place you will find decorating ideas. Why the world would end without apartment guides. 12 things that won&amp;rsquo;t happen in interior design ideas. How twitter can teach you about bathroom designs. The 12 best floor plan youtube videos. 9 bs facts about living room decors everyone thinks are true. The only home builder resources you will ever need.</description>
    </item>
    
    <item>
      <title>Why preventative medicines are afraid of the truth</title>
      <link>http://example.org/posts/preventative-medicines/</link>
      <pubDate>Fri, 07 Dec 2018 22:30:56 +0100</pubDate>
      
      <guid>http://example.org/posts/preventative-medicines/</guid>
      <description>Why vaccination schedules will change your life. How weight loss meal plans can help you live a better life. How not knowing fitness equipment makes you a rookie. The 18 best resources for fitness equipment. 9 problems with home health care products. 17 amazing health care provider picturesi. How nutrition facts make you a better lover. The oddest place you will find home health care products. The 15 best health question twitter feeds to follow.</description>
    </item>
    
  </channel>
</rss>