<?xml version="1.0" encoding="utf-8" standalone="yes" ?>
<rss version="2.0" xmlns:atom="http://www.w3.org/2005/Atom">
  <channel>
    <title>Architecture on Doctorado en ciencias de la ingeniería</title>
    <link>http://example.org/tags/architecture/</link>
    <description>Recent content in Architecture on Doctorado en ciencias de la ingeniería</description>
    <generator>Hugo -- gohugo.io</generator>
    <language>en-us</language>
    <lastBuildDate>Sun, 16 Dec 2018 22:34:04 +0100</lastBuildDate>
    
	<atom:link href="http://example.org/tags/architecture/index.xml" rel="self" type="application/rss+xml" />
    
    
    <item>
      <title>How architects aren&#39;t as bad as you think</title>
      <link>http://example.org/posts/bad-architects/</link>
      <pubDate>Sun, 16 Dec 2018 22:34:04 +0100</pubDate>
      
      <guid>http://example.org/posts/bad-architects/</guid>
      <description>6 uses for living room decors. Why living room ideas are killing you. The oddest place you will find decorating ideas. Why the world would end without apartment guides. 12 things that won&amp;rsquo;t happen in interior design ideas. How twitter can teach you about bathroom designs. The 12 best floor plan youtube videos. 9 bs facts about living room decors everyone thinks are true. The only home builder resources you will ever need.</description>
    </item>
    
  </channel>
</rss>