<?xml version="1.0" encoding="utf-8" standalone="yes" ?>
<rss version="2.0" xmlns:atom="http://www.w3.org/2005/Atom">
  <channel>
    <title>Music on Doctorado en ciencias de la ingeniería</title>
    <link>http://example.org/tags/music/</link>
    <description>Recent content in Music on Doctorado en ciencias de la ingeniería</description>
    <generator>Hugo -- gohugo.io</generator>
    <language>en-us</language>
    <lastBuildDate>Mon, 17 Dec 2018 22:21:42 +0100</lastBuildDate>
    
	<atom:link href="http://example.org/tags/music/index.xml" rel="self" type="application/rss+xml" />
    
    
    <item>
      <title>16 things that won&#39;t happen in free songs</title>
      <link>http://example.org/posts/16-things-free-songs/</link>
      <pubDate>Mon, 17 Dec 2018 22:21:42 +0100</pubDate>
      
      <guid>http://example.org/posts/16-things-free-songs/</guid>
      <description>5 ways country song ringtones can make you rich. Why country music festivals will change your life. The unconventional guide to music notes. Why our world would end if music videos disappeared. 8 insane (but true) things about top country songs. How twitter can teach you about popular songs. 13 facts about latin music videos that&amp;rsquo;ll keep you up at night. Why do people think free dances are a good idea?</description>
    </item>
    
    <item>
      <title>How architects aren&#39;t as bad as you think</title>
      <link>http://example.org/posts/bad-architects/</link>
      <pubDate>Sun, 16 Dec 2018 22:34:04 +0100</pubDate>
      
      <guid>http://example.org/posts/bad-architects/</guid>
      <description>6 uses for living room decors. Why living room ideas are killing you. The oddest place you will find decorating ideas. Why the world would end without apartment guides. 12 things that won&amp;rsquo;t happen in interior design ideas. How twitter can teach you about bathroom designs. The 12 best floor plan youtube videos. 9 bs facts about living room decors everyone thinks are true. The only home builder resources you will ever need.</description>
    </item>
    
  </channel>
</rss>