<?xml version="1.0" encoding="utf-8" standalone="yes" ?>
<rss version="2.0" xmlns:atom="http://www.w3.org/2005/Atom">
  <channel>
    <title>Free on Doctorado en ciencias de la ingeniería</title>
    <link>http://example.org/tags/free/</link>
    <description>Recent content in Free on Doctorado en ciencias de la ingeniería</description>
    <generator>Hugo -- gohugo.io</generator>
    <language>en-us</language>
    <lastBuildDate>Mon, 17 Dec 2018 22:21:42 +0100</lastBuildDate>
    
	<atom:link href="http://example.org/tags/free/index.xml" rel="self" type="application/rss+xml" />
    
    
    <item>
      <title>16 things that won&#39;t happen in free songs</title>
      <link>http://example.org/posts/16-things-free-songs/</link>
      <pubDate>Mon, 17 Dec 2018 22:21:42 +0100</pubDate>
      
      <guid>http://example.org/posts/16-things-free-songs/</guid>
      <description>5 ways country song ringtones can make you rich. Why country music festivals will change your life. The unconventional guide to music notes. Why our world would end if music videos disappeared. 8 insane (but true) things about top country songs. How twitter can teach you about popular songs. 13 facts about latin music videos that&amp;rsquo;ll keep you up at night. Why do people think free dances are a good idea?</description>
    </item>
    
  </channel>
</rss>