<?xml version="1.0" encoding="utf-8" standalone="yes" ?>
<rss version="2.0" xmlns:atom="http://www.w3.org/2005/Atom">
  <channel>
    <title>Medicine on Doctorado en ciencias de la ingeniería</title>
    <link>http://example.org/tags/medicine/</link>
    <description>Recent content in Medicine on Doctorado en ciencias de la ingeniería</description>
    <generator>Hugo -- gohugo.io</generator>
    <language>en-us</language>
    <lastBuildDate>Fri, 07 Dec 2018 22:30:56 +0100</lastBuildDate>
    
	<atom:link href="http://example.org/tags/medicine/index.xml" rel="self" type="application/rss+xml" />
    
    
    <item>
      <title>Why preventative medicines are afraid of the truth</title>
      <link>http://example.org/posts/preventative-medicines/</link>
      <pubDate>Fri, 07 Dec 2018 22:30:56 +0100</pubDate>
      
      <guid>http://example.org/posts/preventative-medicines/</guid>
      <description>Why vaccination schedules will change your life. How weight loss meal plans can help you live a better life. How not knowing fitness equipment makes you a rookie. The 18 best resources for fitness equipment. 9 problems with home health care products. 17 amazing health care provider picturesi. How nutrition facts make you a better lover. The oddest place you will find home health care products. The 15 best health question twitter feeds to follow.</description>
    </item>
    
  </channel>
</rss>