<?xml version="1.0" encoding="utf-8" standalone="yes" ?>
<rss version="2.0" xmlns:atom="http://www.w3.org/2005/Atom">
  <channel>
    <title>16 things that won&#39;t happen in free songs on Doctorado en ciencias de la ingeniería</title>
    <link>http://example.org/posts/16-things-free-songs/</link>
    <description>Recent content in 16 things that won&#39;t happen in free songs on Doctorado en ciencias de la ingeniería</description>
    <generator>Hugo -- gohugo.io</generator>
    <language>en-us</language>
    <lastBuildDate>Mon, 17 Dec 2018 22:21:42 +0100</lastBuildDate>
    
	<atom:link href="http://example.org/posts/16-things-free-songs/index.xml" rel="self" type="application/rss+xml" />
    
    
  </channel>
</rss>